{
  "intercept": 0.3404258428017019,
  "coefficients": [
    0.33017640750093313,
    1.9464180116461807,
    0.3161478707356027,
    -0.09439815871113763,
    0.0,
    1.6124618253703344,
    0.0,
    1.4902135991042622,
    -0.15131742186682828
  ],
  "model_type": "LogisticRegression",
  "n_features": 9,
  "medians": {
    "Glucose": 131.0,
    "Insulin": 175.0,
    "SkinThickness": 33.0
  },
  "means": {
    "BMI": 32.32894703884422,
    "BloodPressure": 89.08794788273616
  }
}