{
  "intercept": -4180.1423420562005,
  "coefficients": [
    -93.36209877984236,
    505.46857700879303,
    1208.8155838935104,
    -10140.499275169626,
    4.052371621822658,
    1.138881049028754,
    -4.067147563640193,
    7.446933868845254,
    -8.719301631492407,
    1.1658677477179618,
    1446.3438319267716,
    -111.85827715064728,
    -441.51630688345466,
    -10140.499275169652
  ],
  "model_type": "LinearRegression",
  "n_features": 14,
  "encoders": {
    "smoker": {
      "classes": [
        "no",
        "yes"
      ],
      "mapping": {
        "no": 0,
        "yes": 1
      }
    }
  }
}